Workbook
Name Degree: [1]Lookups!$C$2:$C$4

Sheet Script Pruebas
J1: Pendiente | P1: De Proceso (Afecta BBP) | R1: =F5 -> Institución
J2: Exitoso | P2: De Configuración (Afecta LD) | R2: Ellucian
J3: Con Error | P3: De Desarrollo (Afecta Especificación)
P4: Nuevo Error
E5: Universidad | F5: Institución | I5: Pendientes | J5: =COUNTIF($J$11:$J$37,"Pendiente") -> 16
E6: Tipo de Prueba | F6: Pruebas Unitarias | I6: Exitosos | J6: =COUNTIF($J$11:$J$37,"Exitoso") -> 1
E7: Capacidad Operativa | F7: Gestión de la Carga Académica del Profesorado | I7: Con Error | J7: =COUNTIF($J$11:$J$37,"Con Error") -> 0
E8: Configuración requerida, especificar los pasos de configuración y formas. | F8: Deben estar configuradas las siguientes tablas de validación: STVTERM, STVSTYP, STVSTST, STVSTSP, STVHLDD, STVCHRT, STVGADR Los programas Académicos deben estar configurados en Banner. Alumnos y Asesores deben estar creados.
A10: # Prueba | B10: Fecha de Prueba Planeada | C10: Tiempo estimado prueba(Minutos) | D10: Fecha última Prueba | E10: Capacidad Operativa | F10: Descripción de la Prueba | G10: Lógica Aplicada | H10: Resultado Esperado | I10: ="Responsable " & F5 -> Responsable Institución | J10: ="Estado " & F5 -> Estado Institución | K10: ="Resp. Técnico " & F5 -> Resp. Técnico Institución | L10: ID de Banner en TEST | M10: Fecha de la Prueba | N10: Fecha Estimada de Solución | O10: # Incidencia | P10: Tipo de Error | Q10: Descripción del Error | R10: Responsable del Error | S10: LOG Comentarios
A11: 1 | C11: 10 | E11: Gestión de la Carga Académica del Profesorado | F11: Validar el cargue de los LD en PROD: STVFCST STVFSTP STVFCNT STVCNTR | H11: Tablas validadas | I11: Noelia y Equipo | J11: Pendiente
A12: 2 | C12: 10 | E12: Gestión de la Carga Académica del Profesorado | F12: Validar que exista la información personal del docente | G12: SPAIDEN: si no existe crear la información del docente | H12: ID del docente | I12: Junior Bravo | J12: Pendiente
A13: 3 | C13: 30 | E13: Gestión de la Carga Académica del Profesorado | F13: Crear la persona como docente a partir de un periodo académico '000000' con toda la información | G13: SIAINST | H13: Docente creado. | I13: Junior Bravo | J13: Pendiente
A14: 4 | C14: 40 | E14: Gestión de la Carga Académica del Profesorado | F14: Actualizar información como categoría, tipo de contrato y regla de contrato para un nuevo periodo académico | G14: Mantenimiento SIAINST | H14: Validar reglas de carga en los docentes | I14: Junior Bravo | J14: Pendiente
A15: 5 | C15: 10 | E15: Gestión de la Carga Académica del Profesorado | F15: Adicionar atributos al docente | G15: SIAINST | H15: Docente con atributos | I15: Junior Bravo | J15: Pendiente
A16: 6 | C16: 10 | E16: Gestión de la Carga Académica del Profesorado | F16: Adicionar información académica al Docente | G16: SIAFDEG | H16: Docente con información académica | I16: Junior Bravo | J16: Pendiente
A17: 7 | C17: 10 | E17: Gestión de la Carga Académica del Profesorado | F17: Insertar información de una nueva universidad | G17: SIAFDEG | H17: Docente con información académica actualizada | I17: Junior Bravo | J17: Pendiente
A18: 8 | C18: 10 | E18: Gestión de la Carga Académica del Profesorado | F18: Validar o configurar la reglas de contrato | G18: SIAFLCT | H18: Regla de carg de trabajo creada | I18: Junior Bravo | J18: Exitoso
A19: 9 | C19: 10 | E19: Gestión de la Carga Académica del Profesorado | F19: Validar o configurar el factor de equivalencia de tiempo | G19: SIATERM | H19: Factor de equivalencia creado | I19: Noelia y Equipo | J19: Pendiente
A20: 10 | C20: 10 | E20: Gestión de la Carga Académica del Profesorado | F20: Configurar las reglas de trabajo | G20: SIAFLRT | H20: Regla creada | I20: No aplica | J20: Pendiente
A21: 11 | C21: 10 | E21: Gestión de la Carga Académica del Profesorado | F21: Crear las asignaciones no educativas que puede tener un docente | G21: STVNIST | H21: Asignaciones no educativas creadas | I21: Noelia y Equipo | J21: Pendiente
A22: 12 | C22: 10 | E22: Gestión de la Carga Académica del Profesorado | F22: Adicionar asignaciones no educativas al docente | G22: SIAASGN | H22: Docente con asignaciones no educativas | I22: Jesus | J22: Pendiente
A23: 13 | C23: 10 | E23: Gestión de la Carga Académica del Profesorado | F23: Configurar las reglas de carga de trabajo | G23: SIAFLRT | H23: Reglas creadas | I23: No aplica | J23: Pendiente
A24: 14 | C24: 10 | E24: Gestión de la Carga Académica del Profesorado | F24: Validar las asignaciones educativas (SSASECT) y no educativas | G24: SIAASGN | H24: Docente con asignaciones | I24: Dr. Pedro | J24: Pendiente
A25: 15 | C25: 10 | E25: Gestión de la Carga Académica del Profesorado | F25: Realizar el análisis en SIAASGN con Las reglas de carga de trabajo | G25: SIAASGN | I25: No aplica | J25: Pendiente
A26: 16 | C26: 10 | E26: Gestión de la Carga Académica del Profesorado | F26: Configurar las reglas de periodo de contrato de docente | G26: SIAFLCT | H26: Reglas creadas | I26: No aplica | J26: Pendiente
A27: 17 | C27: 10 | E27: Gestión de la Carga Académica del Profesorado | F27: Realizar el análisis en SIACONA con las reglas de contrato | G27: SIACONA | I27: Dr. Pedro | J27: Pendiente
A28: 18 | C28: 10 | E28: Gestión de la Carga Académica del Profesorado
A29: 19 | C29: 10
A30: 20 | C30: 10
A31: 21 | C31: 10
A32: 22 | C32: 10
A33: 23 | C33: 10
A34: 24 | C34: 10
A35: 25 | C35: 10
A36: 26 | C36: 10
A37: 27 | C37: 10
A38: 28 | C38: 10
A39: 29 | C39: 10
A40: 30 | C40: 10
... A94: 84 | C94: 10

Sheet 1
B1: Regresar al Script de Pruebas
B2: Capacidad Operativa | C2: ='Script Pruebas'!E11 -> Gestión de la Carga Académica del Profesorado
B3: Decripción de la prueba: | C3: ='Script Pruebas'!F11 -> Validar el cargue de los LD en PROD: STVFCST STVFSTP STVFCNT STVCNTR
B4: Resultado Esperado: | C4: ='Script Pruebas'!H11 -> Tablas validadas
B6: Ellucian
B9: INSTITUCION

Sheet 2
B1: Regresar al Script de Pruebas
B2: Capacidad Operativa | C2: ='Script Pruebas'!E12 -> Gestión de la Carga Académica del Profesorado
B3: Decripción de la prueba: | C3: ='Script Pruebas'!F12 -> Validar que exista la información personal del docente
B4: Resultado Esperado: | C4: ='Script Pruebas'!H12 -> ID del docente
B6: Ellucian
B9: INSTITUCION

Sheet 3
B1: Regresar al Script de Pruebas
B2: Capacidad Operativa | C2: ='Script Pruebas'!E13 -> Gestión de la Carga Académica del Profesorado
B3: Decripción de la prueba: | C3: ='Script Pruebas'!F13 -> Crear la persona como docente a partir de un periodo académico '000000' con toda la información
B4: Resultado Esperado: | C4: ='Script Pruebas'!H13 -> Docente creado.
B6: Ellucian
B9: INSTITUCION
B90: EXTERNADO

Sheet 4
B1: Regresar al Script de Pruebas
B2: Capacidad Operativa | C2: ='Script Pruebas'!E14 -> Gestión de la Carga Académica del Profesorado
B3: Decripción de la prueba: | C3: ='Script Pruebas'!F14 -> Actualizar información como categoría, tipo de contrato y regla de contrato para un nuevo periodo académico
B4: Resultado Esperado: | C4: ='Script Pruebas'!H14 -> Validar reglas de carga en los docentes
B6: Ellucian
B9: INSTITUCION

Sheet 5
B1: Regresar al Script de Pruebas
B2: Capacidad Operativa | C2: ='Script Pruebas'!E15 -> Gestión de la Carga Académica del Profesorado
B3: Decripción de la prueba: | C3: ='Script Pruebas'!F15 -> Adicionar atributos al docente
B4: Resultado Esperado: | C4: ='Script Pruebas'!H15 -> Docente con atributos
B6: Ellucian
B9: INSTITUCION

Sheet 6
B1: Regresar al Script de Pruebas
B2: Capacidad Operativa | C2: ='Script Pruebas'!E16 -> Gestión de la Carga Académica del Profesorado
B3: Decripción de la prueba: | C3: ='Script Pruebas'!F16 -> Adicionar información académica al Docente
B4: Resultado Esperado: | C4: ='Script Pruebas'!H16 -> Docente con información académica
B6: Ellucian
B9: INSTITUCION

Sheet 7
B1: Regresar al Script de Pruebas
B2: Capacidad Operativa | C2: ='Script Pruebas'!E17 -> Gestión de la Carga Académica del Profesorado
B3: Decripción de la prueba: | C3: ='Script Pruebas'!F17 -> Insertar información de una nueva universidad
B4: Resultado Esperado: | C4: ='Script Pruebas'!H17 -> Docente con información académica actualizada
B6: Ellucian
B9: INSTITUCION

Sheet 8
B1: Regresar al Script de Pruebas
B2: Capacidad Operativa | C2: ='Script Pruebas'!E18 -> Gestión de la Carga Académica del Profesorado
B3: Decripción de la prueba: | C3: ='Script Pruebas'!F18 -> Validar o configurar la reglas de contrato
B4: Resultado Esperado: | C4: ='Script Pruebas'!H18 -> Regla de carg de trabajo creada
B6: Ellucian
B9: INSTITUCION

Sheet 9
B1: Regresar al Script de Pruebas
B2: Capacidad Operativa | C2: ='Script Pruebas'!E19 -> Gestión de la Carga Académica del Profesorado
B3: Decripción de la prueba: | C3: ='Script Pruebas'!F19 -> Validar o configurar el factor de equivalencia de tiempo
B4: Resultado Esperado: | C4: ='Script Pruebas'!H19 -> Factor de equivalencia creado
B6: Ellucian
B9: INSTITUCION

Sheet 10
B1: Regresar al Script de Pruebas
B2: Capacidad Operativa | C2: ='Script Pruebas'!E20 -> Gestión de la Carga Académica del Profesorado
B3: Decripción de la prueba: | C3: ='Script Pruebas'!F20 -> Configurar las reglas de trabajo
B4: Resultado Esperado: | C4: ='Script Pruebas'!H20 -> Regla creada
B6: Ellucian
B9: INSTITUCION

Sheet 11
B1: Regresar al Script de Pruebas
B2: Capacidad Operativa | C2: ='Script Pruebas'!E21 -> Gestión de la Carga Académica del Profesorado
B3: Decripción de la prueba: | C3: ='Script Pruebas'!F21 -> Crear las asignaciones no educativas que puede tener un docente
B4: Resultado Esperado: | C4: ='Script Pruebas'!H21 -> Asignaciones no educativas creadas
B6: Ellucian
B9: INSTITUCION

Sheet 12
B1: Regresar al Script de Pruebas
B2: Capacidad Operativa | C2: ='Script Pruebas'!E22 -> Gestión de la Carga Académica del Profesorado
B3: Decripción de la prueba: | C3: ='Script Pruebas'!F22 -> Adicionar asignaciones no educativas al docente
B4: Resultado Esperado: | C4: ='Script Pruebas'!H22 -> Docente con asignaciones no educativas
B6: Ellucian
B9: INSTITUCION

Sheet 13
B1: Regresar al Script de Pruebas
B2: Capacidad Operativa | C2: ='Script Pruebas'!E23 -> Gestión de la Carga Académica del Profesorado
B3: Decripción de la prueba: | C3: ='Script Pruebas'!F23 -> Configurar las reglas de carga de trabajo
B4: Resultado Esperado: | C4: ='Script Pruebas'!H23 -> Reglas creadas
B6: Ellucian
B9: INSTITUCION

Sheet 14
B1: Regresar al Script de Pruebas
B2: Capacidad Operativa | C2: ='Script Pruebas'!E24 -> Gestión de la Carga Académica del Profesorado
B3: Decripción de la prueba: | C3: ='Script Pruebas'!F24 -> Validar las asignaciones educativas (SSASECT) y no educativas
B4: Resultado Esperado: | C4: ='Script Pruebas'!H24 -> Docente con asignaciones
B6: Ellucian
B9: INSTITUCION

Sheet 15
B1: Regresar al Script de Pruebas
B2: Capacidad Operativa | C2: ='Script Pruebas'!E25 -> Gestión de la Carga Académica del Profesorado
B3: Decripción de la prueba: | C3: ='Script Pruebas'!F25 -> Realizar el análisis en SIAASGN con Las reglas de carga de trabajo
B4: Resultado Esperado: | C4: ='Script Pruebas'!H25 -> 0
B6: Ellucian
B9: INSTITUCION

Sheet 16
B1: Regresar al Script de Pruebas
B2: Capacidad Operativa | C2: ='Script Pruebas'!E26 -> Gestión de la Carga Académica del Profesorado
B3: Decripción de la prueba: | C3: ='Script Pruebas'!F26 -> Configurar las reglas de periodo de contrato de docente
B4: Resultado Esperado: | C4: ='Script Pruebas'!H26 -> Reglas creadas
B6: Ellucian
B9: INSTITUCION

Sheet 17
B1: Regresar al Script de Pruebas
B2: Capacidad Operativa | C2: ='Script Pruebas'!E27 -> Gestión de la Carga Académica del Profesorado
B3: Decripción de la prueba: | C3: ='Script Pruebas'!F27 -> Realizar el análisis en SIACONA con las reglas de contrato
B4: Resultado Esperado: | C4: ='Script Pruebas'!H27 -> 0
B6: Ellucian
B9: INSTITUCION
